{"accuracy": [0.5973154306411743, 0.8322147727012634, 0.8542665243148804, 0.8571428656578064, 0.8849472403526306, 0.8926174640655518, 0.9069990515708923, 0.9002876281738281, 0.9213806390762329, 0.9146692156791687, 0.9271332621574402, 0.9319271445274353, 0.9290508031845093, 0.9338446855545044, 0.9328858852386475, 0.9213806390762329, 0.9463087320327759, 0.945349931716919, 0.9415148496627808, 0.9520613551139832, 0.945349931716919, 0.945349931716919, 0.9405561089515686, 0.9376797676086426, 0.945349931716919, 0.9520613551139832, 0.9443911910057068, 0.9626078605651855, 0.9549376964569092, 0.948226273059845, 0.976030707359314, 0.9616490602493286, 0.9616490602493286, 0.9558964371681213], "loss": [16.294504165649414, 0.7181856632232666, 0.4420291483402252, 0.37901726365089417, 0.32538124918937683, 0.29385897517204285, 0.2543999254703522, 0.30273425579071045, 0.21964521706104279, 0.22956106066703796, 0.1771070808172226, 0.18230502307415009, 0.19585202634334564, 0.16152064502239227, 0.18318510055541992, 0.2267434149980545, 0.15712513029575348, 0.13149507343769073, 0.14611397683620453, 0.12373707443475723, 0.14482058584690094, 0.1635833978652954, 0.1973285973072052, 0.14919638633728027, 0.13112787902355194, 0.13442787528038025, 0.15634289383888245, 0.12931524217128754, 0.1246442049741745, 0.12636922299861908, 0.09100273251533508, 0.12179592251777649, 0.10279476642608643, 0.1233559101819992], "val_accuracy": [0.3346153795719147, 0.1846153885126114, 0.36153846979141235, 0.15000000596046448, 0.303846150636673, 0.15000000596046448, 0.2846153974533081, 0.1846153885126114, 0.1538461595773697, 0.26538461446762085, 0.2230769246816635, 0.33076924085617065, 0.29615384340286255, 0.44999998807907104, 0.7346153855323792, 0.6346153616905212, 0.949999988079071, 0.949999988079071, 0.9923076629638672, 0.9730769395828247, 0.9346153736114502, 0.9807692170143127, 0.9576923251152039, 0.7153846025466919, 0.9769230484962463, 0.8653846383094788, 0.6307692527770996, 0.9807692170143127, 0.9730769395828247, 0.9846153855323792, 0.6692307591438293, 0.7384615540504456, 0.9807692170143127, 0.9923076629638672], "val_loss": [2.9713134765625, 1.849029779434204, 2.7036356925964355, 4.837211608886719, 4.7155585289001465, 7.367815017700195, 9.536835670471191, 9.304300308227539, 7.98150634765625, 5.5179524421691895, 4.403453826904297, 2.604642629623413, 4.490164279937744, 2.5552988052368164, 1.3373229503631592, 3.5415563583374023, 0.16993184387683868, 0.1640186756849289, 0.04561420530080795, 0.06238136440515518, 0.1453569233417511, 0.06462790071964264, 0.35908594727516174, 1.4176706075668335, 0.053412578999996185, 0.3213315010070801, 15.049727439880371, 0.05166790261864662, 0.05598560720682144, 0.0550503209233284, 13.332673072814941, 4.634963035583496, 0.1460251808166504, 0.11382923275232315]}