{"accuracy": [0.45541706681251526, 0.7162032723426819, 0.7804410457611084, 0.7718120813369751, 0.7957813739776611, 0.8120805621147156, 0.8235858082771301, 0.8139981031417847, 0.8274208903312683, 0.8408437371253967, 0.8523489832878113, 0.8408437371253967, 0.8513902425765991, 0.8791946172714233, 0.846596360206604, 0.8801534175872803, 0.895493745803833, 0.8820709586143494, 0.874400794506073, 0.898370087146759, 0.8935762047767639, 0.8974112868309021, 0.895493745803833, 0.8763183355331421, 0.9079577922821045, 0.899328887462616, 0.9012464284896851, 0.8926174640655518, 0.8945350050926208, 0.9069990515708923, 0.898370087146759, 0.9175455570220947, 0.9108341336250305, 0.9022051692008972, 0.9060402512550354, 0.9376797676086426, 0.9223393797874451, 0.9146692156791687, 0.9098753333091736, 0.9165867567062378, 0.8859060406684875, 0.8849472403526306, 0.9022051692008972, 0.920421838760376, 0.9156280159950256, 0.9290508031845093], "loss": [14.358854293823242, 5.784915924072266, 3.22725772857666, 2.305673599243164, 1.3615138530731201, 0.8775468468666077, 0.7983422875404358, 0.8067908883094788, 0.797573983669281, 0.8065131306648254, 0.4720619022846222, 0.5927430391311646, 0.5626375079154968, 0.4231787919998169, 0.4557695984840393, 0.37474700808525085, 0.3725610077381134, 0.3990979790687561, 0.4061294496059418, 0.3127286732196808, 0.37062424421310425, 0.4062092900276184, 0.47483375668525696, 0.45466524362564087, 0.3150942921638489, 0.34574562311172485, 0.34489116072654724, 0.3463999629020691, 0.31062379479408264, 0.2956206500530243, 0.2933923900127411, 0.3629312515258789, 0.3547668159008026, 0.3208082914352417, 0.2755209803581238, 0.2439257800579071, 0.3107564151287079, 0.2804778218269348, 0.3206123411655426, 0.2410459667444229, 0.38032543659210205, 0.6595107913017273, 0.35873326659202576, 0.341169148683548, 0.3379002511501312, 0.25590887665748596], "val_accuracy": [0.15000000596046448, 0.15000000596046448, 0.15000000596046448, 0.1846153885126114, 0.1846153885126114, 0.24230769276618958, 0.19615384936332703, 0.1846153885126114, 0.20769231021404266, 0.23846153914928436, 0.5038461685180664, 0.7846153974533081, 0.7346153855323792, 0.8730769157409668, 0.6153846383094788, 0.8538461327552795, 0.8538461327552795, 0.9615384340286255, 0.9653846025466919, 0.9115384817123413, 0.9730769395828247, 0.8461538553237915, 0.9807692170143127, 0.8115384578704834, 0.5192307829856873, 0.8999999761581421, 0.9730769395828247, 0.3192307651042938, 0.7346153855323792, 0.9153845906257629, 0.9923076629638672, 0.7038461565971375, 0.20769231021404266, 0.15000000596046448, 0.15000000596046448, 0.7307692170143127, 0.8423076868057251, 0.3730769157409668, 0.9076923131942749, 0.9384615421295166, 0.9769230484962463, 0.9153845906257629, 0.15000000596046448, 0.3076923191547394, 0.807692289352417, 0.8538461327552795], "val_loss": [19.033327102661133, 19.123170852661133, 20.185338973999023, 18.466854095458984, 17.957983016967773, 14.757441520690918, 13.019437789916992, 11.280190467834473, 3.8664395809173584, 3.206785202026367, 1.2620277404785156, 0.7124268412590027, 0.6024485230445862, 0.3812018632888794, 0.7220051288604736, 0.3522266149520874, 0.34632736444473267, 0.32570338249206543, 0.19781601428985596, 0.3458254635334015, 0.10684188455343246, 1.8912925720214844, 0.1462765783071518, 5.168667793273926, 18.498451232910156, 1.186388373374939, 0.09564478695392609, 33.63485336303711, 5.477298259735107, 1.0904772281646729, 0.07410941272974014, 1.2394757270812988, 95.41681671142578, 311.4610290527344, 343.165771484375, 10.430754661560059, 5.97828483581543, 6.806332588195801, 1.6199543476104736, 0.8458056449890137, 0.387032151222229, 1.3562006950378418, 350.134033203125, 48.02110290527344, 8.014018058776855, 3.9779295921325684]}