{"accuracy": [0.5359539985656738, 0.7209970951080322, 0.7766059637069702, 0.7900287508964539, 0.8015340566635132, 0.8024927973747253, 0.8130393028259277, 0.8245446085929871, 0.8360498547554016, 0.846596360206604, 0.8398849368095398, 0.871524453163147, 0.8590604066848755, 0.8542665243148804, 0.8667305707931519, 0.8782358765602112, 0.8533077836036682, 0.874400794506073, 0.8609779477119446, 0.8600191473960876, 0.8772770762443542, 0.8667305707931519, 0.8753595352172852, 0.871524453163147, 0.8772770762443542, 0.8878235816955566, 0.8916586637496948, 0.8974112868309021, 0.8772770762443542, 0.8859060406684875, 0.895493745803833, 0.8820709586143494, 0.8849472403526306, 0.9050815105438232, 0.8926174640655518, 0.9050815105438232, 0.9050815105438232, 0.8945350050926208, 0.8849472403526306, 0.8906999230384827, 0.9060402512550354, 0.9146692156791687, 0.9137104749679565, 0.9098753333091736], "loss": [13.600428581237793, 3.867934465408325, 2.4266223907470703, 1.5723762512207031, 1.2806015014648438, 0.8857532143592834, 0.6709358096122742, 0.5553701519966125, 0.5461627840995789, 0.5184260010719299, 0.5507507920265198, 0.43796950578689575, 0.5126253366470337, 0.5292038321495056, 0.4655601382255554, 0.42219069600105286, 0.49457553029060364, 0.4557531476020813, 0.48925647139549255, 0.43698158860206604, 0.4103202819824219, 0.4148094952106476, 0.5371631979942322, 0.6210653185844421, 0.5153622031211853, 0.4590783715248108, 0.4013292193412781, 0.33539265394210815, 0.4579601287841797, 0.45002657175064087, 0.4320582151412964, 0.5189794898033142, 0.4148935377597809, 0.3389592468738556, 0.3803415298461914, 0.38825926184654236, 0.41005852818489075, 0.34246212244033813, 0.4515168368816376, 0.4404855966567993, 0.4278751015663147, 0.35514330863952637, 0.348224014043808, 0.35291287302970886], "val_accuracy": [0.1846153885126114, 0.1846153885126114, 0.1846153885126114, 0.1846153885126114, 0.1846153885126114, 0.1846153885126114, 0.1846153885126114, 0.1846153885126114, 0.19615384936332703, 0.1884615421295166, 0.42307692766189575, 0.5076923370361328, 0.7230769395828247, 0.8423076868057251, 0.7884615659713745, 0.7269230484962463, 0.9346153736114502, 0.9653846025466919, 0.9576923251152039, 0.9692307710647583, 0.9653846025466919, 0.9730769395828247, 0.9692307710647583, 0.9807692170143127, 0.9538461565971375, 0.9769230484962463, 0.9615384340286255, 0.9615384340286255, 0.9769230484962463, 0.9692307710647583, 0.942307710647583, 0.9769230484962463, 0.9576923251152039, 0.9615384340286255, 0.9769230484962463, 0.9384615421295166, 0.9730769395828247, 0.9153845906257629, 0.9730769395828247, 0.9884615540504456, 0.9807692170143127, 0.9769230484962463, 0.9807692170143127, 0.9653846025466919], "val_loss": [14.358522415161133, 23.26613998413086, 17.290924072265625, 15.524616241455078, 13.517430305480957, 14.484757423400879, 12.723454475402832, 10.323590278625488, 7.765296936035156, 6.636603832244873, 3.5084197521209717, 2.6506073474884033, 1.0623722076416016, 0.45275989174842834, 1.1677377223968506, 0.6525086164474487, 0.21354946494102478, 0.13746406137943268, 0.15479439496994019, 0.12316536903381348, 0.105841264128685, 0.13917379081249237, 0.11531434953212738, 0.13148683309555054, 0.17530685663223267, 0.10986343026161194, 0.09692046791315079, 0.12836511433124542, 0.05597879737615585, 0.10273323208093643, 0.15839947760105133, 0.0742826759815216, 0.13201670348644257, 0.1458694189786911, 0.13153432309627533, 0.24328169226646423, 0.11308429390192032, 0.3452128469944, 0.06576541066169739, 0.22147035598754883, 0.06936600804328918, 0.11585690081119537, 0.08999112248420715, 0.10583169758319855]}