{"accuracy": [0.7305848598480225, 0.895493745803833, 0.9242569804191589, 0.9309683442115784, 0.9578139781951904, 0.945349931716919, 0.9597315192222595, 0.9539788961410522, 0.9578139781951904, 0.9702780246734619, 0.9635666608810425, 0.9702780246734619, 0.9664429426193237, 0.975071907043457, 0.9769894480705261, 0.9702780246734619, 0.9635666608810425, 0.9597315192222595, 0.9846596121788025, 0.9827420711517334, 0.9865771532058716, 0.9865771532058716, 0.972195565700531, 0.9741131067276001, 0.9683604836463928, 0.9674017429351807, 0.9798657894134521, 0.9626078605651855, 0.9587727785110474, 0.972195565700531, 0.9674017429351807, 0.9741131067276001, 0.9693192839622498, 0.9769894480705261, 0.9827420711517334, 0.9904122948646545], "loss": [11.079927444458008, 1.706030249595642, 0.8019160032272339, 0.5421305298805237, 0.23888371884822845, 0.21459020674228668, 0.14233556389808655, 0.19233521819114685, 0.11434712260961533, 0.08697889745235443, 0.10770753026008606, 0.08598021417856216, 0.12242946773767471, 0.10849212110042572, 0.08377338200807571, 0.16396401822566986, 0.1142783910036087, 0.15514418482780457, 0.06309875100851059, 0.05147353559732437, 0.05010911077260971, 0.039836522191762924, 0.14027275145053864, 0.10425218194723129, 0.12627805769443512, 0.11357558518648148, 0.05362603813409805, 0.18649712204933167, 0.1681196242570877, 0.13901184499263763, 0.1218690350651741, 0.08864033967256546, 0.15305756032466888, 0.1320459395647049, 0.07112227380275726, 0.03754793480038643], "val_accuracy": [0.4038461446762085, 0.4307692348957062, 0.20000000298023224, 0.1846153885126114, 0.3692307770252228, 0.1846153885126114, 0.1846153885126114, 0.1846153885126114, 0.19230769574642181, 0.19615384936332703, 0.23461538553237915, 0.3153846263885498, 0.5115384459495544, 0.7923076748847961, 0.4730769097805023, 0.9230769276618958, 0.7346153855323792, 0.8692307472229004, 0.9769230484962463, 0.9461538195610046, 0.9961538314819336, 0.6884615421295166, 0.7269230484962463, 0.9807692170143127, 0.8115384578704834, 0.9884615540504456, 0.9769230484962463, 0.9846153855323792, 0.9461538195610046, 0.6730769276618958, 0.949999988079071, 0.9769230484962463, 0.8115384578704834, 0.9307692050933838, 0.9807692170143127, 0.9153845906257629], "val_loss": [2.5929527282714844, 3.8451147079467773, 3.993618965148926, 9.371515274047852, 5.458185195922852, 9.39794921875, 10.836477279663086, 13.119749069213867, 11.488898277282715, 11.404484748840332, 12.15304183959961, 6.992792129516602, 3.1446187496185303, 1.5795083045959473, 11.71732234954834, 0.6579762101173401, 1.7439854145050049, 0.6879007816314697, 0.09775526821613312, 0.24299541115760803, 0.061488304287195206, 21.858871459960938, 19.664012908935547, 0.2444247305393219, 5.190788269042969, 0.07724817097187042, 0.06240114942193031, 0.10051443427801132, 0.692806601524353, 2.687760591506958, 0.6273788213729858, 0.35608693957328796, 3.990946054458618, 0.9755575060844421, 0.21097303926944733, 5.1581034660339355]}